1,1,1
1,12,1
1,5,2
1,11,2
1,12,2
1,14,2
2,1,1
3,1,1
4,1,1
5,1,1
6,1,1
7,1,1
8,1,1
9,1,1
10,1,1
10,3,1
11,1,1
11,3,1
12,1,1
13,1,1
13,1,2
14,1,1
15,1,1
16,1,1
16,3,1
16,4,1
17,1,1
17,3,1
17,4,1
18,1,1
18,3,1
18,4,1
18,7,2
19,1,1
19,3,1
19,4,1
19,5,1
19,6,1
19,8,1
19,9,1
19,11,1
19,12,1
19,7,2
19,20,2
20,1,1
20,3,1
20,4,1
20,5,1
20,6,1
20,8,1
20,9,1
20,11,1
20,12,1
20,7,2
20,20,2
21,1,1
21,3,1
21,4,1
21,5,1
21,6,1
21,7,1
21,8,1
21,9,1
21,11,1
21,12,1
22,1,1
22,3,1
22,4,1
22,5,1
22,6,1
22,7,1
22,8,1
22,9,1
22,11,1
22,12,1
23,1,1
23,3,1
23,4,1
23,5,1
23,6,1
23,7,1
23,8,1
23,9,1
23,11,1
23,12,1
24,1,1
24,3,1
24,4,1
24,5,1
24,7,1
24,8,1
24,9,1
24,11,1
24,12,1
25,1,1
25,3,1
25,4,1
25,5,1
25,7,1
25,8,1
25,9,1
25,11,1
25,12,1
26,1,1
26,3,1
26,4,1
26,5,1
26,7,1
26,8,1
26,9,1
27,1,1
27,3,1
27,4,1
27,5,1
27,6,1
27,7,1
27,8,1
27,9,1
27,15,1
28,1,1
28,5,1
28,6,1
28,7,1
28,8,1
28,10,1
28,15,1
28,19,1
29,1,1
29,3,1
29,4,1
29,5,1
29,6,1
29,8,1
29,9,1
29,10,1
29,2,2
30,1,1
30,3,1
30,4,1
30,5,1
30,6,1
30,8,1
30,9,1
30,10,1
30,2,2
31,1,1
31,3,1
31,5,1
31,8,1
31,9,1
32,1,1
32,3,1
32,5,1
32,8,1
32,9,1
33,1,1
33,3,1
33,5,1
33,8,1
33,9,1
34,1,1
34,3,1
34,5,1
34,8,1
34,9,1
34,3,2
35,1,1
35,3,1
35,5,1
35,8,1
35,9,1
36,1,1
36,3,1
36,5,1
36,8,1
36,9,1
37,1,1
37,5,1
38,1,1
38,5,1
39,1,1
39,5,1
40,1,1
40,5,1
40,3,1
40,18,1
41,1,1
41,5,1
42,1,1
42,5,1
43,1,1
43,5,1
44,1,1
44,5,1
44,1,2
44,5,2
45,1,1
45,5,1
46,1,1
46,5,1
47,1,1
47,5,1
47,5,2
48,1,1
49,1,1
50,1,1
51,1,1
52,1,1
53,1,1
54,2,1
55,2,1
55,12,1
56,2,1
56,12,1
56,2,2
57,2,1
57,2,2
58,2,1
58,2,2
59,2,1
60,2,1
61,2,1
62,2,1
62,2,2
63,2,1
63,2,2
64,2,1
64,2,2
65,2,1
66,2,1
66,2,2
67,2,1
68,2,1
68,7,1
69,2,1
69,7,1
69,7,2
69,21,2
69,23,2
70,2,1
70,7,1
70,7,2
70,21,2
70,23,2
71,2,1
71,7,1
72,2,1
72,7,1
72,18,1
72,14,2
73,2,1
73,7,1
73,18,1
73,14,2
74,2,1
74,7,1
74,18,1
74,14,2
75,2,1
75,7,1
75,18,1
75,14,2
76,2,1
76,7,1
76,18,1
76,14,2
77,2,1
77,7,1
77,18,1
78,2,1
78,7,1
78,18,1
79,2,1
79,7,1
79,18,1
80,2,1
80,7,1
80,18,1
81,2,1
81,7,1
81,2,2
81,7,2
81,18,2
82,2,1
82,7,1
82,18,2
83,2,1
83,7,1
83,2,2
83,7,2
84,2,1
84,7,1
85,2,1
85,7,1
85,21,1
85,2,2
85,7,2
85,21,2
86,2,1
86,7,1
87,2,1
87,2,2
88,2,1
88,18,1
88,21,1
89,2,1
89,18,1
89,21,1
90,2,1
90,18,1
90,21,1
90,12,2
91,2,1
91,18,1
91,21,1
91,12,2
92,2,1
92,18,1
92,21,1
92,23,1
93,2,1
93,18,1
93,16,2
94,2,1
94,16,1
95,2,1
95,15,2
95,16,2
95,19,2
96,2,1
96,15,2
96,16,2
96,19,2
97,2,1
97,11,1
97,16,2
97,19,2
98,2,1
98,3,2
98,16,2
98,19,2
99,2,1
99,3,2
99,16,2
99,19,2
100,2,1
100,4,1
100,9,1
100,16,2
100,19,2
101,3,1
101,4,1
101,6,1
101,9,1
101,10,1
101,11,1
101,3,2
101,6,2
101,9,2
101,10,2
101,11,2
102,3,1
102,4,1
102,6,1
102,9,1
102,10,1
102,11,1
103,3,1
103,6,1
103,9,1
103,10,1
103,11,1
104,3,1
104,6,1
104,9,1
104,10,1
104,11,1
105,3,1
106,3,1
106,8,1
106,14,2
107,3,1
107,8,1
107,14,2
108,3,1
108,14,2
109,3,1
110,3,1
111,3,1
112,3,1
113,3,1
113,4,1
113,9,1
113,16,1
114,3,1
115,3,1
115,18,1
116,3,1
116,18,1
117,3,1
117,18,1
118,3,1
118,18,1
119,3,1
119,3,2
120,3,1
121,3,1
122,3,1
123,3,1
124,3,1
124,3,2
125,3,1
126,3,1
127,3,1
128,3,1
128,5,1
129,3,1
129,5,1
129,3,2
129,5,2
130,3,1
130,5,1
131,3,1
131,5,1
132,3,1
132,5,1
132,3,2
132,5,2
133,3,1
133,5,1
133,3,2
133,5,2
134,3,1
134,5,1
134,3,2
134,5,2
135,3,1
135,5,1
135,3,2
135,5,2
136,3,1
136,5,1
136,3,2
136,5,2
137,3,1
137,5,1
138,3,1
138,5,1
138,3,2
138,5,2
139,3,1
139,5,1
139,3,2
139,5,2
140,4,1
141,4,1
142,4,1
142,21,1
143,4,1
143,21,1
144,4,1
144,21,1
145,4,1
145,14,1
145,21,1
146,4,1
146,14,1
146,21,1
147,4,1
148,4,1
149,4,1
150,4,1
150,4,2
151,4,1
152,4,1
153,4,1
153,8,1
154,4,1
154,8,1
154,4,2
154,8,2
155,4,1
155,6,1
155,10,1
155,11,1
156,4,1
156,6,1
156,10,1
156,11,1
157,4,1
157,6,1
157,10,1
157,11,1
158,4,1
158,11,1
159,4,1
159,11,1
160,4,1
160,11,1
161,4,1
161,11,1
161,4,2
161,11,2
162,4,1
162,11,1
163,4,1
163,11,1
164,4,1
164,11,1
164,18,2
165,4,1
165,11,1
165,18,2
166,4,1
166,11,1
166,11,2
167,4,1
167,11,1
168,4,1
168,11,1
169,4,1
169,11,1
169,4,2
170,4,1
170,11,1
171,4,1
171,11,1
172,4,1
173,4,1
173,4,2
174,4,1
174,6,1
175,4,1
175,6,1
176,4,1
176,6,1
177,4,1
177,6,1
177,11,1
178,4,1
178,6,1
179,4,1
179,6,1
179,11,1
180,4,1
180,6,1
180,11,1
181,4,1
181,6,1
182,4,1
182,6,1
183,4,1
183,6,1
184,4,1
184,6,1
184,4,2
185,4,1
185,6,1
185,4,2
186,4,1
186,4,2
187,4,1
187,4,2
188,4,1
189,4,1
190,4,1
190,4,2
191,4,1
191,6,1
191,11,1
192,5,1
192,12,1
192,14,1
192,12,2
193,5,1
193,12,1
193,14,1
193,12,2
194,5,1
194,12,1
194,14,1
194,12,2
195,5,1
195,12,1
195,14,1
195,12,2
196,5,1
196,12,1
196,14,1
196,12,2
197,5,1
197,12,1
197,14,1
198,5,1
198,12,1
198,14,1
198,5,2
198,14,2
199,5,1
199,12,1
199,14,1
199,5,2
199,14,2
200,5,1
200,12,1
200,14,1
200,5,2
200,14,2
201,5,1
201,12,1
201,14,1
201,5,2
201,14,2
202,5,1
202,11,1
202,12,1
202,14,1
203,5,1
203,11,1
203,12,1
203,14,1
204,5,1
204,9,1
204,10,1
204,11,1
204,12,1
205,5,1
205,9,1
205,10,1
205,11,1
205,12,1
206,5,1
206,6,1
207,5,1
208,5,1
208,6,1
208,8,1
209,5,1
209,6,1
209,8,1
210,5,1
210,6,1
210,8,1
211,5,1
211,5,2
212,5,1
212,5,2
213,5,1
213,5,2
214,6,1
214,9,1
214,10,1
214,11,1
215,6,1
215,9,1
215,10,1
215,11,1
216,6,1
216,6,2
217,6,1
217,6,2
218,6,1
218,6,2
219,6,1
219,6,2
220,6,1
220,6,2
221,6,1
221,6,2
222,6,1
222,6,2
223,6,1
224,6,1
225,6,1
226,6,1
226,1,2
226,3,2
226,5,2
226,6,2
226,7,2
226,9,2
226,11,2
227,6,1
228,6,1
229,6,1
229,12,2
229,15,2
229,23,2
230,6,1
230,10,1
231,6,1
231,6,2
232,6,1
232,6,2
233,6,1
233,6,2
234,6,1
234,6,2
235,6,1
235,6,2
236,6,1
236,6,2
237,6,1
237,6,2
238,6,1
238,6,2
239,6,1
239,6,2
240,6,1
240,10,1
241,6,1
241,10,1
242,6,1
242,10,1
243,6,1
243,10,1
244,6,1
244,10,1
245,6,1
245,10,1
245,6,2
245,10,2
246,6,1
246,10,1
247,6,1
247,6,2
248,6,1
248,6,2
249,6,1
249,6,2
250,7,1
250,7,2
251,7,1
251,7,2
253,7,1
253,7,2
254,7,1
254,7,2
255,7,1
255,7,2
256,7,1
256,7,2
257,7,1
257,7,2
258,7,1
258,7,2
259,7,1
260,7,1
261,7,1
261,12,2
262,7,1
262,12,1
263,7,1
264,7,1
264,20,1
265,7,1
265,20,1
266,7,1
266,20,1
266,7,2
266,20,2
267,7,1
267,15,1
267,19,1
267,1,2
267,5,2
267,6,2
267,9,2
267,10,2
267,11,2
268,8,1
268,8,2
269,8,1
270,8,1
270,9,1
270,20,1
271,8,1
272,8,1
272,16,1
273,8,1
274,8,1
275,8,1
276,8,1
277,8,1
278,8,1
279,8,1
280,8,1
281,8,1
282,8,1
283,8,1
284,8,1
285,8,1
286,8,1
287,8,1
288,8,1
288,23,1
289,8,1
289,23,1
290,8,1
290,23,1
291,8,1
292,8,1
293,8,1
294,8,1
295,8,1
296,8,1
297,8,1
298,8,1
299,8,1
300,8,1
301,9,1
301,10,1
301,11,1
302,9,1
302,10,1
302,11,1
303,9,1
303,11,1
304,9,1
304,10,1
304,11,1
305,9,1
305,10,1
305,11,1
306,9,1
306,10,1
306,11,1
307,9,1
307,10,1
307,11,1
308,9,1
308,10,1
308,11,1
309,9,1
309,10,1
309,11,1
310,9,1
310,10,1
311,9,1
311,10,1
311,11,1
311,12,1
312,9,1
312,10,1
312,11,1
312,12,1
313,9,1
313,10,1
313,11,1
313,12,1
314,9,1
314,10,1
314,11,1
314,12,1
315,9,1
315,11,1
315,12,1
316,9,1
316,11,1
316,12,1
317,9,1
317,11,1
317,12,1
318,9,1
318,16,1
318,20,1
319,9,1
319,20,1
320,9,1
320,20,1
321,9,1
321,20,1
322,9,1
322,20,1
333,9,1
333,16,1
334,9,1
334,16,1
335,9,1
335,16,1
326,9,1
327,9,1
328,9,1
329,9,1
330,9,1
331,9,1
332,9,1
333,9,1
334,9,1
335,9,1
336,9,1
337,9,1
338,9,1
338,21,1
339,9,1
339,21,1
340,9,1
341,9,1
342,9,1
343,9,1
344,10,1
345,10,1
346,10,1
347,10,1
347,12,1
348,10,1
349,10,1
349,16,1
349,19,1
350,10,1
351,10,1
352,10,1
353,10,1
354,10,1
355,10,1
356,10,1
357,10,1
358,10,1
359,11,1
360,11,1
361,11,1
362,11,1
363,11,1
364,11,1
365,11,1
366,11,1
367,11,1
368,11,1
369,11,1
370,11,1
371,11,1
372,11,1
373,11,1
374,12,1
375,12,1
375,23,1
376,12,1
376,23,1
377,12,1
377,23,1
378,12,1
378,23,1
379,12,1
379,23,1
380,12,1
380,23,1
381,12,1
381,23,1
382,12,1
383,12,1
384,12,1
385,12,1
386,12,1
387,12,1
388,12,1
389,12,1
390,12,1
390,20,1
391,12,1
392,12,1
393,12,1
394,12,1
395,12,1
395,21,1
396,12,1
396,21,1
397,12,1
397,21,1
398,12,1
399,12,1
400,12,1
401,12,1
402,12,1
403,12,1
403,14,1
404,12,1
404,18,1
405,12,1
405,14,1
405,18,1
406,12,1
406,14,1
406,18,1
407,12,1
407,14,1
407,18,1
408,14,1
409,14,1
410,14,1
411,14,1
412,14,1
413,14,1
414,14,1
415,14,1
416,14,1
417,14,1
418,14,1
419,14,1
420,14,1
421,14,1
422,14,1
423,14,1
424,14,1
425,14,1
426,14,1
427,14,1
428,14,1
429,14,1
430,14,1
430,18,1
431,14,1
432,14,1
433,14,1
434,14,1
435,15,1
436,15,1
437,15,1
438,15,1
439,15,1
440,15,1
440,19,1
441,15,1
441,19,1
442,15,1
442,19,1
443,15,1
443,19,1
444,15,1
444,19,1
445,15,1
445,19,1
446,15,1
446,19,1
447,15,1
447,19,1
448,15,1
448,19,1
449,15,1
450,15,1
451,15,1
451,16,1
452,15,1
453,15,1
454,15,1
455,15,1
456,15,1
457,15,1
458,15,1
458,19,1
459,15,1
459,19,1
460,15,1
460,19,1
461,15,1
461,19,1
462,15,1
462,19,1
463,15,1
463,16,1
463,19,1
463,21,1
463,23,1
464,15,1
464,19,1
464,21,1
464,23,1
465,15,1
465,19,1
465,21,1
465,23,1
466,15,1
466,19,1
466,23,1
467,15,1
467,19,1
467,23,1
468,15,1
468,20,1
469,15,1
469,20,1
470,15,1
471,15,1
472,15,1
472,20,1
473,15,1
473,20,1
474,15,1
475,15,1
476,15,1
477,15,1
478,15,1
479,15,1
480,15,1
480,16,1
480,21,1
481,15,1
481,16,1
481,21,1
482,15,1
482,16,1
483,15,1
483,16,1
484,15,1
484,16,1
485,16,1
486,16,1
487,16,1
488,16,1
489,16,1
490,16,1
491,16,1
492,16,1
493,16,1
493,23,1
494,16,1
495,16,1
496,16,1
496,19,1
497,16,1
497,19,1
498,16,1
498,19,1
499,16,1
499,19,1
500,16,1
500,19,1
501,16,1
501,19,1
502,16,1
503,16,1
504,16,1
505,16,1
506,16,1
507,16,1
508,16,1
509,16,1
510,16,1
511,16,1
512,16,1
513,16,1
514,16,1
515,16,1
516,16,1
517,16,1
518,16,1
519,16,1
520,18,1
521,18,1
522,18,1
523,18,1
524,18,1
525,18,1
525,20,1
526,18,1
527,18,1
528,18,1
529,18,1
530,18,1
531,18,1
532,18,1
533,18,1
534,18,1
535,18,1
536,18,1
537,18,1
538,19,1
538,20,1
539,19,1
539,20,1
540,19,1
540,20,1
541,19,1
542,19,1
543,19,1
544,19,1
545,19,1
546,19,1
547,20,1
547,21,1
548,20,1
549,20,1
549,21,1
550,20,1
551,20,1
552,20,1
553,20,1
554,20,1
555,20,1
556,20,1
557,20,1
558,20,1
559,20,1
560,20,1
561,20,1
562,20,1
563,20,1
564,20,1
565,20,1
566,20,1
567,20,1
568,20,1
569,20,1
570,20,1
571,20,1
572,20,1
573,20,1
574,20,1
575,20,1
576,20,1
577,20,1
578,20,1
579,20,1
580,20,1
581,20,1
582,20,1
583,20,1
583,20,1
584,20,1
585,20,1
586,20,1
587,20,1
588,20,1
588,23,1
589,21,1
590,21,1
591,21,1
592,21,1
593,21,1
594,21,1
595,21,1
596,21,1
597,21,1
598,21,1
599,21,1
600,21,1
601,21,1
602,21,1
603,21,1
603,23,1
604,21,1
604,23,1
605,21,1
605,23,1
606,21,1
606,23,1
607,21,1
607,23,1
608,21,1
608,23,1
609,21,1
609,23,1
610,21,1
610,23,1
611,21,1
611,23,1
612,21,1
613,21,1
614,21,1
615,23,1
616,23,1
617,23,1
618,23,1
619,23,1
620,23,1
621,23,1
622,23,1
623,23,1
624,23,1
625,23,1
626,23,1
627,23,1
628,23,1
629,23,1
630,23,1
631,23,1
632,23,1
633,23,1
634,23,1
635,23,1
636,23,1
637,23,1
202,27,1
202,30,1
202,30,2
203,27,1
203,30,1
203,30,2
204,27,1
205,27,1
311,27,1
312,27,1
313,27,1
314,27,1
569,27,1
570,27,1
571,27,1
572,27,1
573,27,1
574,27,1
575,27,1
113,27,1
113,28,1
113,36,1
113,46,1
113,48,1
113,36,2
502,27,1
502,28,1
502,36,1
503,27,1
503,28,1
503,36,1
504,28,1
504,27,1
505,28,1
505,27,1
506,27,1
507,27,1
508,27,1
508,28,1
463,27,1
464,27,1
464,27,2
465,27,1
596,27,1
596,35,1
597,27,1
395,27,1
396,27,1
396,27,2
55,27,1
54,27,1
54,39,1
54,45,1
56,27,1
56,46,1
56,35,2
57,27,1
58,27,1
58,27,2
59,27,1
60,27,1
61,27,1
62,27,1
62,25,1
62,27,2
62,45,2
63,27,1
63,45,1
63,27,2
63,45,2
64,45,1
64,27,2
64,45,2
66,27,2
100,36,1
100,43,1
100,48,1
100,27,2
100,28,2
100,31,2
100,36,2
578,27,2
576,27,2
90,28,2
90,27,2
1,27,2
435,28,1
435,28,2
436,28,1
436,28,2
437,28,1
438,28,1
438,28,2
439,28,1
440,28,1
440,30,1
440,30,2
506,28,1
509,28,1
382,28,1
383,28,1
87,28,1
87,29,1
87,29,2
85,28,1
85,28,2
594,28,1
594,28,2
592,28,1
590,28,1
590,28,2
422,28,1
422,33,1
422,33,2
141,28,2
142,28,2
143,28,2
144,28,2
145,28,2
146,28,2
593,28,2
595,28,2
86,28,2
526,28,2
89,28,1
89,29,1
89,28,2
91,28,2
92,28,2
95,28,2
95,31,2
96,28,2
96,31,2
97,28,2
97,31,2
98,28,2
99,36,1
99,28,2
99,36,2
177,28,2
178,28,2
178,33,2
179,28,2
179,33,2
180,28,2
366,28,2
367,28,2
368,28,2
369,28,2
370,28,2
371,28,2
372,28,2
373,28,2
191,28,2
191,33,2
431,29,1
520,29,1
520,36,1
520,29,2
520,36,2
430,29,1
430,35,1
430,36,1
430,47,1
430,29,2
430,35,2
430,36,2
430,47,2
521,29,1
521,37,1
521,47,1
521,29,2
521,37,2
521,47,2
522,29,1
522,36,1
522,29,2
522,36,2
429,29,1
429,36,1
429,29,2
429,36,2
431,35,1
431,36,2
431,35,2
26,29,1
26,29,2
27,29,1
27,29,2
27,34,2
28,29,1
28,34,1
28,37,1
28,29,2
28,34,2
267,29,1
267,29,2
458,29,1
458,29,2
459,29,1
459,29,2
460,29,1
460,29,2
226,29,2
24,29,2
25,29,2
389,29,2
549,29,2
290,30,1
186,30,1
186,30,2
124,30,1
124,34,1
124,30,2
119,30,1
119,34,1
119,30,2
533,30,1
533,45,1
533,30,2
534,30,1
534,35,1
534,30,2
535,30,1
535,35,1
535,30,2
535,35,2
441,30,1
441,30,2
442,30,1
442,30,2
444,30,1
444,30,2
446,30,1
446,30,2
445,30,1
445,30,2
447,30,1
447,30,2
448,30,1
449,30,1
450,30,1
451,30,1
448,30,2
449,30,2
450,30,2
451,30,1
621,30,1
621,30,2
622,30,1
622,30,2
198,30,1
198,30,2
199,30,1
199,30,2
200,30,1
200,30,2
201,30,1
201,30,2
408,30,1
408,30,2
409,30,1
409,30,2
410,30,1
410,30,2
410,31,2
411,30,1
411,30,2
411,31,2
412,30,1
412,30,2
412,31,2
413,30,1
413,30,2
413,31,2
414,30,1
414,30,2
415,30,1
415,30,2
268,30,1
268,30,2
101,31,1
101,30,1
101,34,1
101,31,2
101,30,2
101,34,2
102,31,1
102,34,2
102,33,2
103,31,1
103,34,2
104,31,1
214,31,1
215,31,1
301,31,1
302,31,1
302,31,2
303,31,1
303,31,2
304,31,1
305,31,1
306,31,1
307,31,1
308,31,1
207,31,1
206,31,1
16,31,1
17,31,1
17,31,2
17,34,2
565,31,1
347,31,1
457,31,1
360,31,1
361,31,1
462,31,1
463,31,1
464,31,1
511,31,1
320,31,1
321,31,1
322,31,1
283,31,1
283,45,1
328,31,1
328,45,2
329,31,1
329,45,1
329,31,2
330,31,1
330,45,1
330,42,1
330,31,2
330,45,2
330,42,2
331,31,1
331,32,2
331,45,2
331,31,2
332,31,1
332,45,1
332,31,2
333,45,1
333,31,1
334,31,1
334,42,1
334,42,2
335,31,1
556,31,2
557,31,2
558,31,2
464,31,2
565,31,2
414,31,2
671,31,2
730,31,2
730,34,2
731,31,2
732,33,1
732,34,1
732,31,2
732,33,2
734,33,1
734,33,2
184,33,1
184,33,2
187,33,1
187,33,1
735,33,1
736,33,1
736,33,2
737,33,1
737,33,2
741,33,1
741,33,2
365,33,1
365,33,2
169,33,1
169,33,2
747,33,1
166,33,1
166,33,2
161,33,1
161,33,2
578,33,1
578,33,2
774,33,1
576,33,1
775,33,1
776,33,1
776,33,2
777,33,1
777,33,2
778,33,1
315,33,1
315,33,2
746,33,1
747,33,1
779,33,1
316,33,1
317,33,1
19,33,1
19,34,2
19,33,2
20,33,1
20,34,1
20,33,2
20,34,2
20,36,2
21,34,2
21,46,2
22,34,2
22,37,2
22,46,2
152,33,1
152,33,2
589,33,1
419,33,2
150,33,2
142,33,2
143,33,2
144,33,2
151,33,2
152,33,1
565,33,2
566,33,2
567,33,2
568,33,2
569,33,2
570,33,2
571,33,2
573,33,2
574,33,2
575,33,2
576,33,2
577,33,2
579,33,2
160,33,2
162,38,1
162,33,2
164,33,2
165,33,2
168,33,2
171,33,2
364,33,2
180,33,2
366,33,2
788,33,2
883,33,2
711,34,1
650,34,1
651,34,1
652,34,1
653,34,1
654,34,1
661,34,1
661,47,1
663,34,1
663,47,1
666,34,1
668,34,1
222,34,1
222,34,2
221,34,1
221,34,2
220,34,1
220,34,2
219,34,1
218,34,1
218,34,2
217,34,1
216,34,1
216,34,2
731,34,2
104,34,2
214,34,2
215,34,2
12,34,2
13,34,2
14,34,2
18,34,2
23,41,1
23,34,2
24,46,1
24,34,2
25,34,2
26,34,2
29,34,2
30,34,2
30,37,2
31,34,2
352,34,2
353,34,2
354,34,2
16,34,2
318,35,1
318,35,2
532,35,1
115,35,1
116,35,1
117,35,1
118,35,1
41,35,1
41,35,2
43,35,1
43,35,2
646,35,1
646,35,2
641,1,2
642,1,2
643,1,2
644,1,2
645,1,2
646,1,2
646,5,2
647,1,2
647,5,2
648,1,2
648,5,2
649,1,2
649,5,2
650,1,2
650,3,2
650,5,2
651,1,2
651,5,2
652,1,2
652,5,2
653,1,2
653,3,2
653,5,2
653,8,2
653,9,2
654,1,2
654,3,2
654,5,2
654,8,2
654,9,2
655,1,2
655,5,2
655,8,2
655,9,2
656,1,2
656,6,2
656,9,2
656,10,2
656,11,2
657,1,2
657,5,2
657,6,2
657,9,2
657,10,2
657,11,2
658,1,2
658,3,2
658,5,2
658,6,2
658,7,2
658,9,2
658,11,2
659,1,2
659,3,2
659,5,2
659,6,2
659,7,2
659,9,2
659,11,2
660,1,2
660,3,2
660,5,2
660,6,2
660,7,2
660,9,2
660,11,2
661,1,2
661,3,2
661,4,2
661,5,2
661,6,2
661,8,2
661,9,2
661,11,2
661,12,2
662,1,2
662,3,2
662,4,2
662,5,2
662,6,2
662,8,2
662,9,2
662,11,2
662,12,2
663,1,2
663,3,2
663,4,2
663,5,2
663,6,2
663,8,2
663,9,2
663,11,2
663,12,2
664,31,1
664,34,1
664,1,2
664,3,2
664,4,2
664,6,2
664,7,2
665,1,2
665,3,2
665,4,2
665,6,2
666,1,2
667,1,2
668,1,2
668,3,2
668,6,2
669,1,2
669,3,2
670,1,2
670,9,2
670,10,2
670,11,2
671,1,2
671,9,2
671,10,2
671,11,2
672,1,2
673,1,2
674,1,2
675,1,2
676,1,2
677,27,1
677,1,2
678,1,2
679,2,2
680,2,2
681,2,2
682,2,2
683,2,2
683,18,2
684,2,2
684,18,2
685,28,1
685,2,2
685,21,2
685,23,2
686,28,1
686,29,1
686,2,2
686,29,2
686,18,2
686,21,2
687,28,1
687,2,2
687,7,2
687,21,2
688,2,2
688,7,2
689,2,2
689,7,2
689,18,2
690,2,2
690,7,2
690,18,2
691,2,2
691,7,2
691,18,2
692,2,2
692,7,2
693,2,2
693,7,2
694,2,2
695,2,2
695,27,2
696,2,2
696,27,2
697,2,2
697,27,2
698,2,2
698,27,2
699,3,2
699,5,2
700,3,2
700,5,2
701,3,2
702,3,2
703,3,2
703,5,2
704,3,2
704,5,2
705,3,2
705,5,2
706,30,1
706,3,2
706,30,2
707,30,1
707,3,2
707,30,2
708,30,1
708,3,2
708,30,2
709,30,1
709,34,1
709,3,2
709,30,2
710,30,1
710,3,2
710,30,2
711,30,2
711,3,2
711,30,2
712,30,1
712,34,1
712,3,2
712,30,2
713,3,2
714,3,2
715,3,2
716,3,2
716,8,2
716,9,2
716,20,2
717,3,2
717,8,2
717,9,2
717,20,2
718,3,2
719,3,2
720,3,2
721,3,2
722,3,2
722,27,2
723,3,2
723,27,2
724,3,2
724,27,2
724,31,2
725,3,2
725,27,2
727,3,2
726,5,2
726,6,2
727,3,2
727,6,2
728,3,2
728,6,2
729,3,2
729,6,2
730,3,2
730,6,2
730,9,2
730,10,2
730,11,2
731,3,2
731,6,2
731,9,2
731,10,2
731,11,2
732,3,2
732,6,2
732,9,2
732,10,2
732,11,2
733,28,1
733,33,1
733,4,2
733,33,2
733,6,2
733,9,2
733,11,2
734,4,2
735,4,2
735,6,2
736,4,2
736,6,2
737,4,2
737,6,2
738,4,2
738,6,2
739,28,1
739,33,1
739,4,2
739,33,2
739,6,2
739,11,2
740,28,1
740,33,1
740,4,2
740,33,2
740,6,2
740,11,2
741,4,2
741,6,2
741,11,2
742,4,2
742,6,2
743,4,2
743,6,2
744,4,2
745,4,2
746,4,2
746,11,2
747,4,2
747,11,2
748,27,1
749,27,1
750,27,1
751,27,1
752,27,1
753,27,1
754,27,1
755,27,1
756,27,1
756,35,1
756,27,2
757,27,2
758,27,2
759,27,2
760,27,2
761,36,1
762,36,1
764,36,1
779,30,1
780,30,1
781,30,1
782,30,1
783,30,1
761,27,2
761,36,2
762,27,2
762,36,2
763,27,2
764,27,2
764,36,2
765,27,2
766,27,2
766,28,2
766,16,2
767,27,2
767,28,2
768,27,2
768,28,2
769,27,2
769,28,2
770,27,2
770,28,2
771,27,2
772,27,2
773,27,2
774,27,2
774,20,2
775,27,2
775,20,2
776,27,2
776,20,2
777,27,2
777,20,2
778,27,2
778,20,2
779,27,2
779,30,2
779,20,2
780,27,2
780,9,2
780,10,2
780,11,2
780,12,2
781,27,2
781,30,2
781,9,2
781,10,2
781,11,2
781,12,2
782,27,2
782,30,2
782,9,2
782,10,2
782,11,2
782,12,2
783,27,2
783,30,2
783,10,2
783,11,2
783,12,2
784,27,2
784,11,2
784,12,2
785,28,1
785,33,1
785,28,2
785,33,2
786,28,1
787,28,1
788,28,1
789,28,1
790,28,1
791,28,1
792,28,1
793,28,1
794,28,1
795,28,1
796,28,1
797,28,1
798,28,1
799,28,1
800,28,1
801,28,1
802,28,1
803,28,1
804,28,1
805,28,1
786,11,2
787,11,2
788,11,2
789,11,2
790,11,2
792,28,2
795,28,2
797,28,2
801,28,2
802,28,2
806,28,1
806,28,2
807,28,1
808,28,1
809,28,1
810,28,1
810,31,2
810,4,2
810,8,2
810,16,2
810,19,2
811,28,1
812,28,1
812,29,1
812,29,2
813,28,1
813,21,2
814,28,1
814,14,2
814,21,2
815,28,1
815,33,1
815,33,2
815,4,2
815,14,2
815,21,2
816,28,1
816,33,1
816,33,2
816,4,2
817,28,1
817,42,1
817,42,2
818,29,1
818,28,2
818,29,2
819,28,2
819,15,2
820,28,2
821,28,2
822,28,2
823,28,2
824,28,2
825,28,2
826,28,2
827,28,2
828,28,2
829,28,2
830,29,1
830,35,1
830,36,1
830,46,1
830,29,2
830,3,2
830,36,2
830,46,2
831,29,1
832,29,1
833,29,1
834,29,1
835,29,1
836,29,1
831,29,2
832,29,2
833,29,2
834,29,2
835,29,2
837,29,1
837,36,1
837,29,2
837,36,2
838,29,1
838,47,1
838,29,2
838,47,2
839,29,1
839,29,2
840,29,1
840,47,1
840,29,2
840,47,2
841,29,1
841,47,1
841,29,2
841,47,2
842,29,1
842,47,1
842,29,2
842,47,2
843,29,1
843,47,1
843,47,2
844,29,1
845,29,1
845,47,1
845,29,2
845,47,2
846,29,1
847,29,1
847,29,2
848,29,1
849,29,1
850,29,1
849,29,2
850,29,2
851,29,2
852,29,2
853,29,1
854,29,1
855,29,1
853,29,2
854,29,2
855,29,2
856,29,2
857,29,2
858,29,1
858,29,2
859,29,1
860,29,1
861,29,1
862,29,1
863,29,1
864,29,1
865,29,1
861,29,2
862,29,2
864,29,2
865,29,2
866,29,1
866,47,1
867,29,1
867,47,1
866,29,2
867,47,2
868,29,2
869,29,2
870,29,2
871,29,2
872,29,2
873,29,2
874,29,2
875,29,2
876,29,2
877,30,1
877,34,1
878,30,1
879,30,1
879,34,1
880,30,1
880,34,1
877,34,2
878,23,2
879,23,2
880,23,2
881,30,1
882,30,1
883,30,1
884,30,1
884,34,1
885,30,1
886,30,1
887,30,1
887,35,1
887,45,1
888,30,1
889,30,1
890,30,1
891,30,1
892,30,1
893,30,1
894,30,1
895,30,1
896,30,1
897,30,1
898,31,1
899,31,1
900,31,1
901,31,1
902,31,1
881,23,2
882,8,2
882,23,2
883,8,2
883,23,2
886,30,2
887,30,2
887,35,2
887,45,2
888,30,2
889,30,2
889,9,2
889,10,2
889,11,2
889,12,2
890,30,2
890,9,2
890,10,2
890,12,2
891,30,2
891,11,2
891,12,2
892,30,2
893,30,2
894,30,2
895,30,2
896,30,2
897,30,2
897,31,2
898,32,2
899,31,2
903,31,1
903,43,1
904,31,1
904,45,1
905,31,1
905,37,1
906,31,1
906,37,1
907,31,1
908,31,1
912,31,1
912,42,1
912,45,1
913,31,1
915,45,1
917,36,1
917,37,1
918,33,1
919,33,1
920,33,1
921,33,1
922,33,1
903,31,2
903,43,2
904,45,2
905,45,2
905,23,2
906,45,2
906,23,2
908,31,2
909,31,2
909,9,2
910,31,2
910,2,2
911,31,2
911,9,2
912,42,2
912,45,2
912,9,2
913,45,2
914,45,2
915,31,2
916,31,2
917,31,2
917,19,2
918,4,2
918,11,2
918,33,2
919,4,2
919,11,2
919,33,2
920,4,2
920,11,2
921,4,2
921,11,2
921,35,2
922,4,2
922,33,2
923,4,2
923,11,2
924,4,2
924,11,2
925,4,2
928,34,1
929,34,1
935,34,1
938,33,1
926,4,2
927,4,2
928,4,2
928,8,2
929,4,2
929,8,2
930,4,2
930,8,2
930,31,2
931,4,2
931,8,2
932,4,2
932,8,2
932,10,2
932,12,2
933,4,2
933,8,2
933,12,2
934,4,2
934,8,2
934,12,2
935,4,2
935,8,2
935,12,2
936,4,2
936,8,2
937,4,2
937,33,2
938,4,2
938,14,2
939,4,2
940,4,2
941,4,2
942,5,2
942,8,2
942,31,2
943,5,2
943,8,2
943,31,2
943,46,2
944,5,2
944,8,2
944,31,2
944,45,2
945,5,2
946,5,2
947,5,2
947,9,2
948,5,2
964,47,1
949,5,2
949,14,2
950,5,2
950,14,2
951,5,2
951,14,2
952,5,2
952,14,2
953,5,2
953,14,2
954,5,2
954,14,2
955,6,2
956,6,2
956,10,2
957,6,2
957,10,2
958,6,2
958,10,2
959,6,2
959,10,2
960,6,2
960,10,2
961,6,2
961,10,2
961,35,2
962,6,2
963,6,2
963,10,2
964,6,2
964,10,2
964,34,2
964,47,2
965,6,2
965,10,2
966,6,2
966,10,2
967,6,2
967,9,2
967,10,2
967,11,2
967,31,2
968,6,2
968,9,2
968,10,2
968,11,2
968,31,2
969,7,2
970,7,2
970,31,2
971,7,2
991,34,1
972,7,2
972,20,2
973,7,2
973,20,2
974,7,2
975,7,2
975,12,2
976,7,2
976,12,2
977,7,2
978,7,2
979,7,2
980,8,2
981,8,2
982,8,2
983,8,2
984,8,2
984,23,2
985,8,2
985,23,2
986,8,2
986,23,2
987,8,2
987,23,2
988,8,2
989,8,2
990,8,2
991,8,2
992,8,2
993,8,2
994,8,2
995,9,2
996,9,2
997,9,2
998,9,2
999,9,2
999,16,2
1000,9,2
1000,16,2
1002,35,1
1018,33,1
1019,33,1
1020,33,1
1001,9,2
1001,16,2
1002,9,2
1002,20,2
1003,9,2
1003,10,2
1003,11,2
1003,31,2
1004,10,2
1005,10,2
1006,10,2
1007,10,2
1008,10,2
1009,10,2
1010,10,2
1011,10,2
1012,10,2
1013,10,2
1014,10,2
1014,31,2
1015,10,2
1016,10,2
1017,10,2
1018,11,2
1018,33,2
1019,11,2
1020,11,2
1021,11,2
1022,11,2
1023,11,2
1024,11,2
1025,12,2
1026,12,2
1027,12,2
1028,12,2
1029,12,2
1030,12,2
1031,12,2
1032,12,2
1033,12,2
1034,12,2
1035,12,2
1035,23,2
1036,12,2
1036,14,2
1036,23,2
1037,12,2
1037,15,2
1037,23,2
1038,12,2
1038,15,2
1038,23,2
1039,12,2
1040,12,2
1041,14,2
1042,14,2
1043,14,2
1044,14,2
1045,14,2
1046,14,2
1047,14,2
1047,21,2
1048,14,2
1049,15,2
1049,16,2
1050,15,2
1050,16,2
1051,15,2
1051,16,2
1052,15,2
1052,16,2
1052,21,2
1053,15,2
1054,15,2
1055,15,2
1056,15,2
1057,15,2
1058,15,2
1059,15,2
1060,15,2
1061,15,2
1061,19,2
1061,23,2
1062,15,2
1062,19,2
1062,21,2
1062,23,2
1063,15,2
1063,16,2
1063,19,2
1063,21,2
1063,23,2
1064,15,2
1065,15,2
1066,15,2
1067,15,2
1068,15,2
1069,15,2
1070,15,2
1071,15,2
1071,19,2
1072,15,2
1072,19,2
1073,15,2
1073,19,2
1074,15,2
1074,19,2
1075,15,2
1075,19,2
1076,15,2
1077,16,2
1077,21,2
1078,16,2
1078,21,2
1078,23,2
1079,16,2
1079,21,2
1080,16,2
1081,16,2
1082,16,2
1083,16,2
1084,16,2
1085,16,2
1086,16,2
1086,19,2
1087,16,2
1087,19,2
1088,16,2
1088,19,2
1089,16,2
1089,19,2
1090,16,2
1091,16,2
1091,19,2
1093,16,2
1094,16,2
1095,16,2
1096,18,2
1097,18,2
1098,18,2
1099,18,2
1100,18,2
1119,33,1
1120,33,1
1142,34,1
1145,33,1
1146,33,1
1147,33,1
1101,18,2
1102,18,2
1103,18,2
1104,18,2
1105,18,2
1106,18,2
1107,18,2
1107,21,2
1108,18,2
1108,21,2
1109,18,2
1109,20,2
1110,18,2
1111,18,2
1112,19,2
1113,19,2
1114,19,2
1115,19,2
1116,19,2
1117,20,2
1118,20,2
1119,20,2
1119,33,2
1120,20,2
1120,33,2
1121,20,2
1122,20,2
1123,20,2
1124,20,2
1125,20,2
1126,20,2
1127,21,2
1128,21,2
1128,23,2
1129,21,2
1129,23,2
1130,21,2
1130,23,2
1131,21,2
1131,23,2
1132,21,2
1132,23,2
1133,21,2
1134,21,2
1135,23,2
1135,33,2
1136,23,2
1137,23,2
1138,23,2
1139,23,2
1142,31,2
1142,36,2
1143,31,2
1144,31,2
1145,33,2
1148,33,2
1149,33,2
1150,33,2
1151,34,1
1151,33,2
1152,33,2
1153,34,1
1154,34,1
1155,34,1
1156,34,1
1157,34,1
1158,34,1
1159,34,1
1160,47,1
1160,34,2
1160,47,2
1161,47,1
1161,34,1
1162,34,2
1163,34,2
271,8,2
271,16,2
272,8,2
272,16,2
273,8,2
276,8,2
277,8,2
278,8,2
279,8,2
280,8,2
282,8,2
285,8,2
286,8,2
287,8,2
290,8,2
290,23,2
293,8,2
295,8,2
296,8,2
297,8,2
298,8,2
299,8,2
302,9,2
302,10,2
302,11,2
304,14,2
305,14,2
306,14,2
307,14,2
308,14,2
309,14,2
310,14,2
315,20,2
316,20,2
317,20,2
318,9,2
318,16,2
318,20,2
319,16,2
320,20,2
321,20,2
322,20,2
330,9,2
331,9,2
332,9,2
333,9,2
337,21,2
338,21,2
339,21,2
343,9,2
355,6,2
355,10,2
357,10,2
363,11,2
365,4,2
365,11,2
382,2,2
382,18,2
382,21,2
383,2,2
383,18,2
383,21,2
385,12,2
386,12,2
387,12,2
388,12,2
390,12,2
390,20,2
395,12,2
395,21,2
396,12,2
396,21,2
397,12,2
397,21,2
403,18,2
404,12,2
404,18,2
405,12,2
405,14,2
405,18,2
406,12,2
406,14,2
406,18,2
407,12,2
407,14,2
407,18,2
408,9,2
408,10,2
409,9,2
409,10,2
409,11,2
410,9,2
410,10,2
410,11,2
411,9,2
411,10,2
411,11,2
412,9,2
412,10,2
412,11,2
413,9,2
413,10,2
413,11,2
414,9,2
414,10,2
414,11,2
415,3,2
416,3,2
417,3,2
418,14,2
419,4,2
422,14,2
422,21,2
424,2,2
424,7,2
424,18,2
425,2,2
425,7,2
425,18,2
426,2,2
426,7,2
426,18,2
427,2,2
427,7,2
427,18,2
428,2,2
428,7,2
428,18,2
429,18,2
430,14,2
430,18,2
431,14,2
436,15,2
438,15,2
439,15,2
440,15,2
440,19,2
442,15,2
442,19,2
449,16,2
450,16,2
451,16,2
454,15,2
458,1,2
458,3,2
458,5,2
458,6,2
458,7,2
458,9,2
458,10,2
458,11,2
459,1,2
459,3,2
459,5,2
459,6,2
459,7,2
459,9,2
464,15,2
464,16,2
464,19,2
464,21,2
466,15,2
466,19,2
466,23,2
467,15,2
467,19,2
467,23,2
469,20,2
472,20,2
473,14,2
473,20,2
477,15,2
478,15,2
479,15,2
482,15,2
482,16,2
485,16,2
486,16,2
487,16,2
488,16,2
489,16,2
496,16,2
496,19,2
507,2,2
507,18,2
508,2,2
508,18,2
509,2,2
509,18,2
509,21,2
511,20,2
519,16,2
519,16,2
520,12,2
520,14,2
521,14,2
522,14,2
525,18,2
525,20,2
537,19,2
538,20,2
538,21,2
539,20,2
539,21,2
540,20,2
540,21,2
541,21,2
542,21,2
544,19,2
547,20,2
548,20,2
549,19,2
549,20,2
550,20,2
551,20,2
552,15,2
552,20,2
553,20,2
554,20,2
555,20,2
556,9,2
556,20,2
557,9,2
557,20,2
558,9,2
558,20,2
559,9,2
559,20,2
560,16,2
562,20,2
565,5,2
565,8,2
565,9,2
565,11,2
566,9,2
566,11,2
566,12,2
567,9,2
567,11,2
567,12,2
576,20,2
578,20,2
582,20,2
583,6,2
583,10,2
583,20,2
584,3,2
584,8,2
584,9,2
584,20,2
585,20,2
586,20,2
587,15,2
587,20,2
587,21,2
587,23,2
588,15,2
588,20,2
588,21,2
588,23,2
590,21,2
591,21,2
592,21,2
594,21,2
599,19,2
600,19,2
601,19,2
602,19,2
603,20,2
607,2,2
613,9,2
614,9,2
615,23,2
616,23,2
617,23,2
618,23,2
621,23,2
624,23,2
625,23,2
627,2,2
631,23,2
632,23,2
1164,35,2
1165,35,2
1166,35,2
1167,35,2
1168,35,2
1169,35,2
1170,35,2
1171,35,2
1172,35,2
1173,35,2
1174,35,2
1175,35,2
1176,35,2
1177,35,2
1178,35,2
1179,35,2
1180,35,2
1181,35,2
1182,35,2
1183,35,2
1184,35,2
1185,35,2
1186,35,2
1187,35,2
1188,35,2
1189,35,2
1190,35,2
1191,35,2
1192,35,2
1193,35,2
1194,35,2
1195,35,2
1196,35,2
1197,35,2
1198,35,2
1199,35,2
1200,35,2
1201,35,2
1202,35,2
1203,35,2
1204,35,2
1205,35,2
1206,35,2
1207,35,2
1208,35,2
1209,35,2
1210,35,2
1211,36,2
1212,36,2
1213,36,2
1214,36,2
1215,36,2
1216,36,2
1217,36,2
1218,36,2
1219,36,2
1220,36,2
1221,36,2
1222,36,2
1223,36,2
1224,36,2
1225,36,2
1226,36,2
1227,36,2
1228,36,2
1229,36,2
1230,36,2
1231,36,2
1232,36,2
1233,36,2
1234,36,2
1235,36,2
1236,36,2
1237,36,2
1238,36,2
1239,36,2
1240,36,2
1241,36,2
1242,36,2
1243,36,2
1244,36,2
1245,36,2
1246,36,2
1247,36,2
1248,36,2
1249,36,2
1250,36,2
1251,36,2
1252,36,2
1253,36,2
1254,36,2
1255,36,2
1256,36,2
1257,36,2
1258,36,2
1259,36,2
1260,36,2
1261,36,2
1262,36,2
1263,36,2
1264,36,2
1265,36,2
1266,36,2
1267,36,2
1268,36,2
1269,36,2
1270,36,2
1271,36,2
1272,36,2
1273,36,2
1274,36,2
1275,36,2
1276,36,2
1277,36,2
1278,36,2
1279,36,2
1280,36,2
1281,36,2
1282,36,2
1283,36,2
1284,36,2
1285,36,2
1286,36,2
1287,36,2
1288,36,2
1289,36,2
1290,36,2
1291,36,2
1292,36,2
1293,36,2
1294,36,2
1295,36,2
1296,36,2
1297,36,2
1298,36,2
1299,36,2
1300,36,2
1301,36,2
1302,36,2
1303,38,2
1304,38,2
1305,38,2
1306,38,2
1307,38,2
1308,38,2
1309,38,2
1310,38,2
1311,38,2
1312,38,2
1313,38,2
1314,38,2
1315,38,2
1316,38,2
1317,38,2
1318,38,2
1319,38,2
1320,38,2
1321,38,2
1322,38,2
1323,38,2
1324,38,2
1325,38,2
1326,38,2
1327,38,2
1328,38,2
1329,38,2
1330,38,2
1331,38,2
1332,38,2
1333,38,2
1334,38,2
1335,38,2
1336,38,2
1337,38,2
1338,38,2
1339,38,2
1340,38,2
1341,38,2
1342,38,2
1343,38,2
1344,38,2
1345,38,2
1346,38,2
1347,38,2
1348,38,2
1349,38,2
1350,38,2
1351,38,2
1352,38,2
1353,38,2
1354,38,2
1355,38,2
1356,38,2
1357,38,2
1358,38,2
1359,40,2
1360,40,2
1361,40,2
1362,40,2
1363,40,2
1364,40,2
1365,40,2
1366,40,2
1367,40,2
1368,40,2
1369,40,2
1370,40,2
1371,40,2
1372,40,2
1373,40,2
1374,40,2
1375,40,2
1376,40,2
1377,40,2
1378,40,2
1379,40,2
1380,40,2
1381,40,2
1382,40,2
1383,40,2
1384,40,2
1385,40,2
1386,40,2
1387,40,2
1388,40,2
1389,40,2
1390,40,2
1391,40,2
1392,40,2
1393,40,2
1394,40,2
1395,40,2
1396,40,2
1397,40,2
1398,40,2
1399,40,2
1400,40,2
1401,40,2
1402,40,2
1403,40,2
1404,40,2
1405,40,2
1406,40,2
1407,40,2
1408,40,2
1409,40,2
1410,40,2
1411,40,2
1412,40,2
1413,40,2
1414,40,2
1415,40,2
1416,40,2
1417,40,2
1418,40,2
1419,40,2
1420,40,2
1421,40,2
1422,41,2
1423,41,2
1424,41,2
1425,41,2
1426,41,2
1427,41,2
1428,41,2
1429,41,2
1430,41,2
1431,41,2
1432,41,2
1433,41,2
1434,41,2
1435,41,2
1436,41,2
1437,41,2
1438,41,2
1439,41,2
1440,41,2
1441,41,2
1442,41,2
1443,41,2
1444,41,2
1445,41,2
1446,41,2
1447,41,2
1448,41,2
1449,41,2
1450,41,2
1451,41,2
1452,41,2
1453,41,2
1454,41,2
1455,41,2
1456,41,2
1457,41,2
1458,41,2
1459,41,2
1460,41,2
1461,41,2
1462,41,2
1463,41,2
1464,41,2
1465,41,2
1466,41,2
1467,41,2
1468,41,2
1469,41,2
1470,41,2
1471,41,2
1472,41,2
1473,41,2
1474,41,2
1475,41,2
1476,41,2
1477,41,2
1478,41,2
1479,41,2
1480,42,2
1481,42,2
1482,42,2
1483,42,2
1484,42,2
1485,42,2
1486,42,2
1487,42,2
1488,42,2
1489,42,2
1490,42,2
1491,42,2
1492,42,2
1493,42,2
1494,42,2
1495,42,2
1496,42,2
1497,42,2
1498,42,2
1499,42,2
1500,42,2
1501,42,2
1502,42,2
1503,42,2
1504,42,2
1505,42,2
1506,42,2
1507,42,2
1508,42,2
1509,42,2
1510,42,2
1511,42,2
1512,42,2
1513,42,2
1514,42,2
1515,42,2
1516,42,2
1517,42,2
1518,42,2
1519,42,2
1520,42,2
1521,42,2
1522,42,2
1523,42,2
1524,42,2
1525,42,2
1526,42,2
1527,42,2
1528,42,2
1529,42,2
1530,42,2
1531,42,2
1532,42,2
1533,42,2
1534,42,2
1535,42,2
1536,42,2
1537,42,2
1538,42,2
1539,42,2
1540,42,2
1541,42,2
1542,42,2
1543,42,2
1544,42,2
1545,42,2
1546,42,2
1547,42,2
1548,42,2
1549,42,2
1550,42,2
1551,42,2
1552,42,2
1553,42,2
1554,42,2
1555,42,2
1556,42,2
1557,42,2
1558,42,2
1559,42,2
1560,42,2
1561,42,2
1562,42,2
1563,42,2
1564,42,2
1565,42,2
1566,42,2
1567,42,2
1568,42,2
1569,42,2
1570,42,2
1571,42,2
1572,42,2
1573,42,2
1574,42,2
1575,42,2
1576,42,2
1577,42,2
1578,42,2
1579,42,2
1580,42,2
1581,42,2
1582,42,2
1583,42,2
1584,42,2
1585,42,2
1586,42,2
1186,46,2
1188,41,2
1112,24,2
1587,24,2
1588,24,2
1589,24,2
1590,24,2
1591,24,2
1592,24,2
1593,24,2
395,25,2
1465,25,2
1466,25,2
1467,25,2
1115,25,2
599,25,2
547,25,2
601,25,2
602,25,2
1061,25,2
467,25,2
464,25,2
466,25,2
1062,25,2
1063,25,2
1107,25,2
1035,25,2
1036,25,2
1037,25,2
1038,25,2
229,25,2
1138,25,2
1139,25,2
1434,25,2
1435,25,2
1359,40,1
1360,40,1
1361,40,1
1362,40,1
1363,40,1
1364,40,1
1365,40,1
1366,40,1
1367,40,1
1368,40,1
1369,40,1
1370,40,1
1371,40,1
1372,40,1
1373,40,1
1374,40,1
1375,40,1
1376,40,1
1377,40,1
1378,40,1
1379,40,1
1380,40,1
1381,40,1
1382,40,1
1383,40,1
1384,40,1
1385,40,1
1386,40,1
1387,40,1
1388,40,1
1389,40,1
1390,40,1
1391,40,1
1392,40,1
1393,40,1
1394,40,1
1395,40,1
1396,40,1
1397,40,1
1398,40,1
1399,40,1
1400,40,1
1401,40,1
1402,40,1
1403,40,1
1404,40,1
1405,40,1
1406,40,1
1407,40,1
1408,40,1
1409,40,1
1410,40,1
1411,40,1
1412,40,1
1413,40,1
1414,40,1
1415,40,1
1416,40,1
1417,40,1
1418,40,1
1419,40,1
1420,40,1
1421,40,1